playlistId,songId
P1,S70
P1,S96
P1,S97
P1,S84
P1,S51
P1,S10
P1,S47
P1,S7
P1,S35
P1,S50
P1,S40
P1,S9
P1,S31
P1,S79
P2,S19
P2,S32
P2,S63
P2,S12
P2,S44
P2,S7
P2,S42
P2,S96
P2,S80
P2,S59
P2,S1
P2,S24
P2,S43
P2,S11
P3,S17
P3,S41
P3,S87
P3,S86
P3,S96
P3,S52
P3,S72
P3,S73
P3,S2
P3,S74
P3,S46
P3,S35
P3,S90
P3,S21
P4,S66
P4,S35
P4,S70
P4,S37
P4,S44
P5,S92
P5,S75
P5,S11
P5,S19
P5,S12
P5,S17
P5,S69
P5,S81
P5,S48
P5,S56
P5,S38
P5,S89
P6,S45
P6,S6
P6,S25
P6,S18
P6,S7
P7,S34
P7,S86
P7,S78
P7,S64
P7,S25
P8,S55
P8,S52
P8,S11
P8,S9
P8,S76
P8,S100
P8,S90
P9,S78
P9,S43
P9,S46
P9,S68
P9,S81
P9,S66
P10,S28
P10,S86
P10,S32
P10,S91
P10,S18
P10,S17
P10,S6
P10,S75
P10,S62
P11,S4
P11,S56
P11,S42
P11,S99
P11,S34
P11,S67
P11,S95
P11,S68
P11,S10
P11,S28
P11,S58
P11,S25
P12,S25
P12,S8
P12,S97
P12,S38
P12,S36
P12,S37
P12,S18
P12,S76
P12,S84
P12,S17
P13,S7
P13,S23
P13,S10
P13,S88
P13,S75
P13,S3
P13,S95
P13,S13
P13,S82
P13,S16
P13,S11
P13,S67
P13,S58
P14,S6
P14,S38
P14,S20
P14,S45
P14,S35
P14,S93
P14,S36
P14,S77
P14,S82
P14,S16
P14,S46
P14,S89
P14,S15
P15,S79
P15,S55
P15,S70
P15,S78
P15,S47
P15,S18
P15,S44
P15,S9
P15,S62
P15,S58
P15,S59
P16,S63
P16,S75
P16,S15
P16,S73
P16,S96
P16,S13
P16,S34
P16,S86
P16,S93
P16,S99
P16,S59
P16,S44
P16,S16
P16,S95
P16,S35
P17,S100
P17,S21
P17,S90
P17,S78
P17,S6
P17,S45
P17,S56
P17,S22
P17,S86
P18,S32
P18,S50
P18,S8
P18,S25
P18,S63
P18,S12
P18,S40
P19,S4
P19,S14
P19,S56
P19,S92
P19,S30
P20,S79
P20,S8
P20,S92
P20,S76
P20,S45
P20,S2
P20,S97
P20,S17
P20,S75
P20,S81
P20,S9
P20,S41
P21,S94
P21,S53
P21,S9
P21,S5
P21,S3
P21,S31
P21,S62
P21,S36
P21,S100
P21,S29
P21,S83
P21,S20
P21,S17
P21,S22
P21,S10
P22,S54
P22,S84
P22,S10
P22,S82
P22,S31
P22,S11
P22,S35
P22,S49
P22,S17
P23,S76
P23,S15
P23,S66
P23,S24
P23,S19
P23,S11
P23,S82
P23,S70
P23,S67
P23,S60
P23,S77
P23,S37
P23,S14
P24,S31
P24,S99
P24,S24
P24,S54
P24,S12
P24,S21
P24,S85
P24,S73
P24,S92
P24,S1
P24,S23
P24,S77
P24,S40
P24,S63
P25,S33
P25,S92
P25,S2
P25,S96
P25,S15
P25,S50
P25,S13
P25,S1
P25,S39
P25,S79
P25,S40
P26,S60
P26,S52
P26,S18
P26,S73
P26,S58
P26,S34
P26,S72
P26,S24
P26,S96
P26,S16
P26,S11
P26,S53
P26,S48
P26,S78
P27,S22
P27,S61
P27,S68
P27,S88
P27,S23
P27,S75
P27,S71
P27,S81
P27,S89
P27,S83
P27,S20
P27,S67
P27,S34
P28,S28
P28,S80
P28,S15
P28,S51
P28,S77
P28,S21
P28,S94
P29,S55
P29,S3
P29,S82
P29,S22
P29,S33
P29,S13
P29,S5
P29,S84
P30,S96
P30,S82
P30,S54
P30,S71
P30,S13
P30,S87
P30,S34
P30,S42
P30,S81
P30,S63
P30,S99
P30,S5
P31,S17
P31,S7
P31,S48
P31,S88
P31,S59
P31,S20
P31,S45
P31,S70
P32,S16
P32,S6
P32,S10
P32,S38
P32,S47
P32,S94
P32,S99
P32,S25
P32,S65
P32,S46
P32,S34
P32,S76
P32,S4
P32,S55
P33,S23
P33,S3
P33,S77
P33,S40
P33,S14
P34,S2
P34,S89
P34,S66
P34,S99
P34,S1
P34,S95
P34,S50
P35,S68
P35,S51
P35,S19
P35,S67
P35,S27
P35,S47
P36,S52
P36,S39
P36,S42
P36,S91
P36,S50
P37,S56
P37,S81
P37,S36
P37,S76
P37,S44
P37,S77
P37,S13
P37,S74
P37,S84
P37,S35
P37,S34
P38,S48
P38,S27
P38,S51
P38,S95
P38,S99
P38,S45
P38,S41
P38,S12
P38,S24
P38,S4
P38,S81
P38,S26
P38,S72
P38,S68
P39,S87
P39,S55
P39,S92
P39,S6
P39,S35
P39,S82
P39,S89
P40,S83
P40,S60
P40,S8
P40,S3
P40,S69
P40,S92
P40,S28
P40,S68
P40,S86
P40,S25
P40,S45
P40,S80
P40,S5
P40,S14
P40,S20
P41,S75
P41,S38
P41,S5
P41,S63
P41,S66
P41,S68
P41,S6
P41,S49
P41,S7
P41,S10
P41,S92
P41,S40
P41,S51
P41,S34
P42,S64
P42,S54
P42,S80
P42,S11
P42,S79
P42,S46
P43,S40
P43,S51
P43,S49
P43,S20
P43,S62
P43,S64
P43,S74
P43,S61
P44,S78
P44,S32
P44,S42
P44,S81
P44,S11
P44,S68
P44,S2
P44,S37
P45,S70
P45,S12
P45,S27
P45,S53
P45,S44
P45,S7
P45,S17
P45,S35
P45,S9
P45,S96
P46,S36
P46,S84
P46,S18
P46,S39
P46,S17
P47,S50
P47,S18
P47,S93
P47,S95
P47,S76
P48,S26
P48,S65
P48,S13
P48,S72
P48,S86
P48,S48
P48,S93
P48,S20
P48,S30
P48,S62
P48,S9
P48,S99
P48,S85
P48,S11
P48,S94
P49,S42
P49,S40
P49,S33
P49,S21
P49,S27
P49,S26
P49,S48
P49,S56
P49,S4
P49,S63
P50,S36
P50,S73
P50,S13
P50,S40
P50,S19
P50,S3
P50,S9
P50,S90
P50,S10
P50,S59
P50,S16
P50,S58
P50,S39
P51,S86
P51,S45
P51,S81
P51,S63
P51,S18
P51,S78
P51,S43
P51,S99
P52,S84
P52,S99
P52,S12
P52,S9
P52,S90
P52,S20
P52,S23
P52,S8
P52,S15
P52,S54
P52,S61
P52,S13
P52,S69
P53,S72
P53,S26
P53,S11
P53,S16
P53,S62
P53,S1
P53,S76
P53,S69
P53,S57
P53,S52
P53,S23
P53,S100
P53,S82
P54,S58
P54,S18
P54,S97
P54,S70
P54,S16
P54,S50
P54,S4
P54,S48
P54,S84
P54,S56
P54,S91
P54,S27
P54,S85
P55,S93
P55,S26
P55,S2
P55,S19
P55,S11
P55,S31
P55,S41
P55,S62
P55,S27
P55,S69
P55,S61
P56,S32
P56,S10
P56,S69
P56,S68
P56,S58
P56,S16
P56,S85
P56,S73
P56,S78
P56,S82
P56,S96
P56,S79
P57,S49
P57,S47
P57,S45
P57,S10
P57,S80
P57,S67
P57,S72
P57,S7
P57,S34
P57,S70
P57,S19
P57,S96
P57,S58
P58,S68
P58,S26
P58,S66
P58,S82
P58,S25
P58,S48
P58,S71
P59,S47
P59,S4
P59,S99
P59,S17
P59,S40
P59,S15
P59,S71
P59,S28
P60,S10
P60,S88
P60,S18
P60,S65
P60,S20
P60,S25
P60,S40
P60,S90
P60,S100
P60,S89
P60,S96
P60,S87
P60,S13
P60,S39
P61,S46
P61,S4
P61,S1
P61,S69
P61,S16
P62,S84
P62,S28
P62,S30
P62,S93
P62,S74
P62,S41
P62,S35
P62,S56
P62,S23
P62,S18
P62,S44
P62,S68
P62,S26
P62,S12
P62,S20
P63,S36
P63,S16
P63,S60
P63,S90
P63,S31
P63,S17
P63,S59
P63,S70
P63,S75
P64,S43
P64,S17
P64,S59
P64,S40
P64,S39
P64,S28
P64,S32
P64,S93
P64,S88
P64,S72
P64,S36
P64,S47
P65,S73
P65,S86
P65,S53
P65,S20
P65,S15
P66,S49
P66,S22
P66,S32
P66,S14
P66,S100
P66,S7
P66,S78
P66,S85
P66,S34
P66,S95
P66,S15
P67,S27
P67,S6
P67,S51
P67,S46
P67,S54
P67,S93
P67,S4
P67,S63
P67,S32
P67,S29
P67,S53
P67,S20
P67,S72
P67,S85
P68,S54
P68,S35
P68,S76
P68,S95
P68,S59
P68,S31
P68,S39
P68,S79
P68,S3
P68,S87
P69,S93
P69,S53
P69,S48
P69,S37
P69,S71
P69,S40
P69,S19
P69,S65
P69,S4
P69,S63
P69,S61
P69,S14
P69,S89
P70,S7
P70,S45
P70,S88
P70,S52
P70,S40
P70,S44
P70,S54
P70,S59
P70,S89
P70,S69
P70,S65
P70,S49
P71,S20
P71,S84
P71,S30
P71,S51
P71,S2
P71,S37
P71,S94
P71,S36
P71,S72
P71,S100
P71,S22
P71,S76
P71,S33
P71,S67
P72,S14
P72,S68
P72,S41
P72,S21
P72,S52
P72,S43
P72,S89
P73,S69
P73,S75
P73,S61
P73,S63
P73,S51
P73,S28
P73,S32
P73,S98
P73,S64
P73,S6
P73,S11
P74,S67
P74,S4
P74,S6
P74,S44
P74,S54
P74,S59
P74,S71
P74,S85
P75,S7
P75,S79
P75,S88
P75,S58
P75,S81
P75,S70
P75,S31
P76,S75
P76,S43
P76,S24
P76,S56
P76,S10
P76,S26
P76,S54
P76,S83
P76,S52
P76,S95
P77,S10
P77,S12
P77,S74
P77,S40
P77,S77
P77,S45
P77,S47
P77,S8
P77,S13
P77,S7
P77,S25
P77,S16
P77,S37
P77,S9
P78,S67
P78,S36
P78,S65
P78,S80
P78,S44
P78,S90
P78,S82
P78,S55
P78,S48
P78,S20
P78,S72
P78,S24
P79,S10
P79,S36
P79,S99
P79,S22
P79,S86
P79,S35
P79,S7
P79,S83
P79,S45
P79,S29
P79,S4
P79,S93
P80,S93
P80,S65
P80,S7
P80,S17
P80,S43
P80,S39
P80,S98
P80,S84
P80,S86
P80,S4
P80,S41
P81,S30
P81,S55
P81,S32
P81,S80
P81,S73
P82,S91
P82,S78
P82,S47
P82,S16
P82,S70
P83,S90
P83,S52
P83,S80
P83,S26
P83,S59
P83,S6
P83,S62
P83,S38
P83,S100
P83,S36
P83,S22
P83,S42
P84,S7
P84,S89
P84,S73
P84,S42
P84,S63
P84,S92
P84,S76
P84,S12
P84,S23
P84,S49
P84,S40
P84,S50
P84,S95
P84,S4
P84,S22
P85,S36
P85,S89
P85,S10
P85,S82
P85,S78
P85,S41
P85,S75
P85,S31
P85,S76
P85,S59
P85,S66
P85,S25
P85,S64
P85,S71
P85,S57
P86,S39
P86,S92
P86,S43
P86,S67
P86,S77
P86,S9
P86,S63
P86,S70
P86,S45
P86,S55
P86,S54
P87,S96
P87,S64
P87,S56
P87,S9
P87,S62
P87,S17
P87,S27
P88,S23
P88,S73
P88,S76
P88,S44
P88,S77
P89,S36
P89,S77
P89,S75
P89,S30
P89,S14
P89,S43
P89,S19
P90,S89
P90,S80
P90,S12
P90,S2
P90,S86
P90,S61
P90,S45
P90,S81
P90,S19
P90,S85
P90,S71
P90,S79
P90,S82
P90,S10
P91,S12
P91,S87
P91,S63
P91,S1
P91,S27
P91,S72
P91,S76
P91,S81
P91,S59
P91,S41
P91,S44
P91,S16
P91,S84
P92,S15
P92,S62
P92,S50
P92,S18
P92,S52
P92,S69
P92,S99
P92,S63
P93,S8
P93,S49
P93,S88
P93,S86
P93,S30
P93,S16
P93,S82
P94,S95
P94,S47
P94,S68
P94,S41
P94,S36
P94,S24
P95,S26
P95,S39
P95,S41
P95,S76
P95,S20
P95,S65
P95,S81
P95,S75
P95,S91
P95,S28
P95,S84
P95,S36
P95,S25
P95,S8
P95,S14
P96,S81
P96,S28
P96,S3
P96,S47
P96,S93
P96,S83
P96,S36
P96,S48
P96,S87
P96,S89
P96,S62
P96,S76
P96,S32
P97,S94
P97,S61
P97,S10
P97,S31
P97,S81
P97,S42
P97,S3
P97,S18
P97,S33
P97,S38
P97,S84
P97,S86
P97,S21
P97,S25
P97,S12
P98,S82
P98,S27
P98,S50
P98,S32
P98,S1
P98,S67
P98,S84
P98,S86
P98,S56
P99,S71
P99,S22
P99,S23
P99,S70
P99,S41
P99,S67
P99,S2
P99,S40
P99,S64
P99,S85
P99,S25
P99,S59
P99,S3
P99,S88
P100,S4
P100,S85
P100,S88
P100,S19
P100,S68
P100,S29
