songId,title,popularity
S1,Dark City,89
S2,Sweet Soul,70
S3,Infinite Night,94
S4,Toxic Soul,78
S5,Cold Echo,49
S6,Infinite Soul,75
S7,Cold World,59
S8,Broken Dreams,48
S9,Loud Skies,47
S10,Broken Soul,33
S11,Infinite Time,77
S12,Loud Lights,97
S13,Bitter Fire,99
S14,Sweet Fire,89
S15,Infinite Soul,83
S16,Broken Hearts,99
S17,Golden Skies,36
S18,Silent Night,52
S19,Fading Dreams,93
S20,Infinite Skies,74
S21,Burning World,51
S22,Cold City,75
S23,Neon Dreams,32
S24,Silent Fire,34
S25,Broken Time,94
S26,Lost Mind,98
S27,Burning Fire,63
S28,Toxic Soul,64
S29,Silent Time,88
S30,Heavy Illusion,62
S31,Neon Ocean,49
S32,Broken Ocean,79
S33,Infinite Lights,67
S34,Dark Time,39
S35,Silent Dreams,46
S36,Infinite Shadows,45
S37,Infinite World,49
S38,Broken Mind,61
S39,Sweet Soul,58
S40,Lost Fire,32
S41,Sweet Fire,69
S42,Broken Fire,82
S43,Sweet Lights,67
S44,Fading Hearts,71
S45,Lost Time,74
S46,Burning Soul,50
S47,Golden Mind,81
S48,Sweet Shadows,65
S49,Loud City,65
S50,Heavy Lights,74
S51,Cold Soul,43
S52,Broken Fire,72
S53,Neon Dreams,67
S54,Loud Mind,38
S55,Lost Echo,80
S56,Fading City,45
S57,Burning Illusion,37
S58,Fading Lights,52
S59,Lost Time,54
S60,Cold City,30
S61,Cold Lights,90
S62,Burning Skies,93
S63,Burning Soul,60
S64,Neon Lights,96
S65,Fading Dreams,67
S66,Cold Dreams,90
S67,Heavy Dreams,60
S68,Toxic Shadows,62
S69,Lost Mind,40
S70,Bitter Skies,67
S71,Broken Time,33
S72,Loud Illusion,69
S73,Silent Night,63
S74,Burning Echo,90
S75,Lost Echo,92
S76,Cold Skies,30
S77,Heavy Lights,52
S78,Broken Time,31
S79,Bitter Illusion,99
S80,Sweet Illusion,96
S81,Lost Hearts,76
S82,Broken Echo,85
S83,Neon World,90
S84,Silent Fire,82
S85,Silent Shadows,52
S86,Broken Hearts,72
S87,Cold Ocean,32
S88,Infinite Echo,66
S89,Silent Soul,93
S90,Golden Time,74
S91,Heavy Dreams,72
S92,Toxic Ocean,70
S93,Heavy City,36
S94,Lost Illusion,46
S95,Sweet City,40
S96,Golden Hearts,61
S97,Cold Mind,55
S98,Infinite Night,80
S99,Toxic Night,77
S100,Burning World,98
